Workbook
Name AcServices: Services!$A$1:$B$117

Sheet Sheet1
B1: Node1Id | D1: Node2Id | F1: Node3Id
A2: School Admissions | B2: =VLOOKUP(A2,Services!$B$2:$C$118,2,0) -> 6c5e7af8-dd22-46d6-87b1-4436f2e4ab2f | C2: Assessments Coaching | D2: =VLOOKUP(C2,Services!$B$2:$C$118,2,0) -> 672d3944-dd97-4a70-be11-fbc720d98645 | F2: =VLOOKUP(E2,Services!$B$2:$C$118,2,0) -> #N/A
A3: School Admissions | B3: =VLOOKUP(A3,Services!$B$2:$C$118,2,0) -> 6c5e7af8-dd22-46d6-87b1-4436f2e4ab2f | C3: Interview Coaching | D3: =VLOOKUP(C3,Services!$B$2:$C$118,2,0) -> 2c3d46f8-ca19-4631-a47f-e808c4341a52 | F3: =VLOOKUP(E3,Services!$B$2:$C$118,2,0) -> #N/A
A4: School Admissions | B4: =VLOOKUP(A4,Services!$B$2:$C$118,2,0) -> 6c5e7af8-dd22-46d6-87b1-4436f2e4ab2f | C4: Assessments Coaching | D4: =VLOOKUP(C4,Services!$B$2:$C$118,2,0) -> 672d3944-dd97-4a70-be11-fbc720d98645 | E4: Entry Level | F4: =VLOOKUP(E4,Services!$B$2:$C$118,2,0) -> eceb9a9b-0ea9-4bf9-8b62-68e947ac2682
A5: School Admissions | B5: =VLOOKUP(A5,Services!$B$2:$C$118,2,0) -> 6c5e7af8-dd22-46d6-87b1-4436f2e4ab2f | C5: Interview Coaching | D5: =VLOOKUP(C5,Services!$B$2:$C$118,2,0) -> 2c3d46f8-ca19-4631-a47f-e808c4341a52 | E5: Entry Level | F5: =VLOOKUP(E5,Services!$B$2:$C$118,2,0) -> eceb9a9b-0ea9-4bf9-8b62-68e947ac2682
A6: School Admissions | B6: =VLOOKUP(A6,Services!$B$2:$C$118,2,0) -> 6c5e7af8-dd22-46d6-87b1-4436f2e4ab2f | C6: Assessments Coaching | D6: =VLOOKUP(C6,Services!$B$2:$C$118,2,0) -> 672d3944-dd97-4a70-be11-fbc720d98645 | E6: GCSE | F6: =VLOOKUP(E6,Services!$B$2:$C$118,2,0) -> 6aa0d3b8-6229-4945-809a-a704f39b1b22
A7: School Admissions | B7: =VLOOKUP(A7,Services!$B$2:$C$118,2,0) -> 6c5e7af8-dd22-46d6-87b1-4436f2e4ab2f | C7: Interview Coaching | D7: =VLOOKUP(C7,Services!$B$2:$C$118,2,0) -> 2c3d46f8-ca19-4631-a47f-e808c4341a52 | E7: GCSE | F7: =VLOOKUP(E7,Services!$B$2:$C$118,2,0) -> 6aa0d3b8-6229-4945-809a-a704f39b1b22
A8: School Admissions | B8: =VLOOKUP(A8,Services!$B$2:$C$118,2,0) -> 6c5e7af8-dd22-46d6-87b1-4436f2e4ab2f | C8: Assessments Coaching | D8: =VLOOKUP(C8,Services!$B$2:$C$118,2,0) -> 672d3944-dd97-4a70-be11-fbc720d98645 | E8: A Level | F8: =VLOOKUP(E8,Services!$B$2:$C$118,2,0) -> 9a8d9777-ead3-4344-af27-d9a595f5de5c
A9: School Admissions | B9: =VLOOKUP(A9,Services!$B$2:$C$118,2,0) -> 6c5e7af8-dd22-46d6-87b1-4436f2e4ab2f | C9: Interview Coaching | D9: =VLOOKUP(C9,Services!$B$2:$C$118,2,0) -> 2c3d46f8-ca19-4631-a47f-e808c4341a52 | E9: A Level | F9: =VLOOKUP(E9,Services!$B$2:$C$118,2,0) -> 9a8d9777-ead3-4344-af27-d9a595f5de5c
A10: University Admissions | B10: =VLOOKUP(A10,Services!$B$2:$C$118,2,0) -> b4d0ce54-6fdc-4f8f-9265-7b56896bc2b1 | C10: CV Building | D10: =VLOOKUP(C10,Services!$B$2:$C$118,2,0) -> bcf7d458-6d6b-4c22-ae23-221acb81f24f | F10: =VLOOKUP(E10,Services!$B$2:$C$118,2,0) -> #N/A
A11: University Admissions | B11: =VLOOKUP(A11,Services!$B$2:$C$118,2,0) -> b4d0ce54-6fdc-4f8f-9265-7b56896bc2b1 | C11: Personal Statement Coaching | D11: =VLOOKUP(C11,Services!$B$2:$C$118,2,0) -> 1b7f6831-37f9-44e5-9fa9-8ee421061701 | F11: =VLOOKUP(E11,Services!$B$2:$C$118,2,0) -> #N/A
A12: University Admissions | B12: =VLOOKUP(A12,Services!$B$2:$C$118,2,0) -> b4d0ce54-6fdc-4f8f-9265-7b56896bc2b1 | C12: Art & Design Portfolio Coaching | D12: =VLOOKUP(C12,Services!$B$2:$C$118,2,0) -> be67df63-0749-4a39-9467-d2a0336db4b4 | F12: =VLOOKUP(E12,Services!$B$2:$C$118,2,0) -> #N/A
A13: University Admissions | B13: =VLOOKUP(A13,Services!$B$2:$C$118,2,0) -> b4d0ce54-6fdc-4f8f-9265-7b56896bc2b1 | C13: Reference Letter Translation | D13: =VLOOKUP(C13,Services!$B$2:$C$118,2,0) -> 8e9128d9-109d-4c8a-a758-ec6564d5ddbd | F13: =VLOOKUP(E13,Services!$B$2:$C$118,2,0) -> #N/A
A14: University Admissions | B14: =VLOOKUP(A14,Services!$B$2:$C$118,2,0) -> b4d0ce54-6fdc-4f8f-9265-7b56896bc2b1 | C14: Sample Writing Coaching | D14: =VLOOKUP(C14,Services!$B$2:$C$118,2,0) -> 9b62d92f-09ce-46b5-b09e-69136e867525 | F14: =VLOOKUP(E14,Services!$B$2:$C$118,2,0) -> #N/A
A15: University Admissions | B15: =VLOOKUP(A15,Services!$B$2:$C$118,2,0) -> b4d0ce54-6fdc-4f8f-9265-7b56896bc2b1 | C15: Admissions Test Coaching | D15: =VLOOKUP(C15,Services!$B$2:$C$118,2,0) -> 3382a73a-885b-4191-a390-6f558c8912db | F15: =VLOOKUP(E15,Services!$B$2:$C$118,2,0) -> #N/A
A16: University Admissions | B16: =VLOOKUP(A16,Services!$B$2:$C$118,2,0) -> b4d0ce54-6fdc-4f8f-9265-7b56896bc2b1 | C16: Interview Coaching | D16: =VLOOKUP(C16,Services!$B$2:$C$118,2,0) -> 2c3d46f8-ca19-4631-a47f-e808c4341a52 | F16: =VLOOKUP(E16,Services!$B$2:$C$118,2,0) -> #N/A
A17: University Admissions | B17: =VLOOKUP(A17,Services!$B$2:$C$118,2,0) -> b4d0ce54-6fdc-4f8f-9265-7b56896bc2b1 | C17: CV Building | D17: =VLOOKUP(C17,Services!$B$2:$C$118,2,0) -> bcf7d458-6d6b-4c22-ae23-221acb81f24f | E17: Undergrad | F17: =VLOOKUP(E17,Services!$B$2:$C$118,2,0) -> e57b609a-ff04-4671-9076-23c69f6198bb
A18: University Admissions | B18: =VLOOKUP(A18,Services!$B$2:$C$118,2,0) -> b4d0ce54-6fdc-4f8f-9265-7b56896bc2b1 | C18: Personal Statement Coaching | D18: =VLOOKUP(C18,Services!$B$2:$C$118,2,0) -> 1b7f6831-37f9-44e5-9fa9-8ee421061701 | E18: Undergrad | F18: =VLOOKUP(E18,Services!$B$2:$C$118,2,0) -> e57b609a-ff04-4671-9076-23c69f6198bb
A19: University Admissions | B19: =VLOOKUP(A19,Services!$B$2:$C$118,2,0) -> b4d0ce54-6fdc-4f8f-9265-7b56896bc2b1 | C19: Art & Design Portfolio Coaching | D19: =VLOOKUP(C19,Services!$B$2:$C$118,2,0) -> be67df63-0749-4a39-9467-d2a0336db4b4 | E19: Undergrad | F19: =VLOOKUP(E19,Services!$B$2:$C$118,2,0) -> e57b609a-ff04-4671-9076-23c69f6198bb
A20: University Admissions | B20: =VLOOKUP(A20,Services!$B$2:$C$118,2,0) -> b4d0ce54-6fdc-4f8f-9265-7b56896bc2b1 | C20: Reference Letter Translation | D20: =VLOOKUP(C20,Services!$B$2:$C$118,2,0) -> 8e9128d9-109d-4c8a-a758-ec6564d5ddbd | E20: Undergrad | F20: =VLOOKUP(E20,Services!$B$2:$C$118,2,0) -> e57b609a-ff04-4671-9076-23c69f6198bb
A21: University Admissions | B21: =VLOOKUP(A21,Services!$B$2:$C$118,2,0) -> b4d0ce54-6fdc-4f8f-9265-7b56896bc2b1 | C21: Sample Writing Coaching | D21: =VLOOKUP(C21,Services!$B$2:$C$118,2,0) -> 9b62d92f-09ce-46b5-b09e-69136e867525 | E21: Undergrad | F21: =VLOOKUP(E21,Services!$B$2:$C$118,2,0) -> e57b609a-ff04-4671-9076-23c69f6198bb
A22: University Admissions | B22: =VLOOKUP(A22,Services!$B$2:$C$118,2,0) -> b4d0ce54-6fdc-4f8f-9265-7b56896bc2b1 | C22: Admissions Test Coaching | D22: =VLOOKUP(C22,Services!$B$2:$C$118,2,0) -> 3382a73a-885b-4191-a390-6f558c8912db | E22: Undergrad | F22: =VLOOKUP(E22,Services!$B$2:$C$118,2,0) -> e57b609a-ff04-4671-9076-23c69f6198bb
A23: University Admissions | B23: =VLOOKUP(A23,Services!$B$2:$C$118,2,0) -> b4d0ce54-6fdc-4f8f-9265-7b56896bc2b1 | C23: Interview Coaching | D23: =VLOOKUP(C23,Services!$B$2:$C$118,2,0) -> 2c3d46f8-ca19-4631-a47f-e808c4341a52 | E23: Undergrad | F23: =VLOOKUP(E23,Services!$B$2:$C$118,2,0) -> e57b609a-ff04-4671-9076-23c69f6198bb
A24: University Admissions | B24: =VLOOKUP(A24,Services!$B$2:$C$118,2,0) -> b4d0ce54-6fdc-4f8f-9265-7b56896bc2b1 | C24: CV Building | D24: =VLOOKUP(C24,Services!$B$2:$C$118,2,0) -> bcf7d458-6d6b-4c22-ae23-221acb81f24f | E24: Masters | F24: =VLOOKUP(E24,Services!$B$2:$C$118,2,0) -> 91178014-aa7f-4b2c-a000-f38fcc56b0cb
A25: University Admissions | B25: =VLOOKUP(A25,Services!$B$2:$C$118,2,0) -> b4d0ce54-6fdc-4f8f-9265-7b56896bc2b1 | C25: Personal Statement Coaching | D25: =VLOOKUP(C25,Services!$B$2:$C$118,2,0) -> 1b7f6831-37f9-44e5-9fa9-8ee421061701 | E25: Masters | F25: =VLOOKUP(E25,Services!$B$2:$C$118,2,0) -> 91178014-aa7f-4b2c-a000-f38fcc56b0cb
A26: University Admissions | B26: =VLOOKUP(A26,Services!$B$2:$C$118,2,0) -> b4d0ce54-6fdc-4f8f-9265-7b56896bc2b1 | C26: Art & Design Portfolio Coaching | D26: =VLOOKUP(C26,Services!$B$2:$C$118,2,0) -> be67df63-0749-4a39-9467-d2a0336db4b4 | E26: Masters | F26: =VLOOKUP(E26,Services!$B$2:$C$118,2,0) -> 91178014-aa7f-4b2c-a000-f38fcc56b0cb
A27: University Admissions | B27: =VLOOKUP(A27,Services!$B$2:$C$118,2,0) -> b4d0ce54-6fdc-4f8f-9265-7b56896bc2b1 | C27: Reference Letter Translation | D27: =VLOOKUP(C27,Services!$B$2:$C$118,2,0) -> 8e9128d9-109d-4c8a-a758-ec6564d5ddbd | E27: Masters | F27: =VLOOKUP(E27,Services!$B$2:$C$118,2,0) -> 91178014-aa7f-4b2c-a000-f38fcc56b0cb
A28: University Admissions | B28: =VLOOKUP(A28,Services!$B$2:$C$118,2,0) -> b4d0ce54-6fdc-4f8f-9265-7b56896bc2b1 | C28: Sample Writing Coaching | D28: =VLOOKUP(C28,Services!$B$2:$C$118,2,0) -> 9b62d92f-09ce-46b5-b09e-69136e867525 | E28: Masters | F28: =VLOOKUP(E28,Services!$B$2:$C$118,2,0) -> 91178014-aa7f-4b2c-a000-f38fcc56b0cb
... A37: University Admissions | B37: =VLOOKUP(A37,Services!$B$2:$C$118,2,0) -> b4d0ce54-6fdc-4f8f-9265-7b56896bc2b1 | C37: Interview Coaching | D37: =VLOOKUP(C37,Services!$B$2:$C$118,2,0) -> 2c3d46f8-ca19-4631-a47f-e808c4341a52 | E37: Doctorate | F37: =VLOOKUP(E37,Services!$B$2:$C$118,2,0) -> 4d817b44-324c-4cf8-871a-ae0d61ede07b
A38: Academic Support | B38: =VLOOKUP(A38,Services!$B$2:$C$118,2,0) -> 5065a4c4-9e2d-465b-b8a2-e3f1d89bfcc7 | C38: Academic Tutoring | D38: =VLOOKUP(C38,Services!$B$2:$C$118,2,0) -> d20282ba-fbd3-4e72-81c0-3ec16309309c | F38: =VLOOKUP(E38,Services!$B$2:$C$118,2,0) -> #N/A
A39: Academic Support | B39: =VLOOKUP(A39,Services!$B$2:$C$118,2,0) -> 5065a4c4-9e2d-465b-b8a2-e3f1d89bfcc7 | C39: Assignment Feedback | D39: =VLOOKUP(C39,Services!$B$2:$C$118,2,0) -> 90105083-583c-49b7-937e-22ce838591c0 | F39: =VLOOKUP(E39,Services!$B$2:$C$118,2,0) -> #N/A
A40: Academic Support | B40: =VLOOKUP(A40,Services!$B$2:$C$118,2,0) -> 5065a4c4-9e2d-465b-b8a2-e3f1d89bfcc7 | C40: Proofreading & Copy Editing | D40: =VLOOKUP(C40,Services!$B$2:$C$118,2,0) -> b0cd2298-822a-4515-9b61-4b4ee763bd98 | F40: =VLOOKUP(E40,Services!$B$2:$C$118,2,0) -> #N/A
A41: Academic Support | B41: =VLOOKUP(A41,Services!$B$2:$C$118,2,0) -> 5065a4c4-9e2d-465b-b8a2-e3f1d89bfcc7 | C41: Research Solutions | D41: =VLOOKUP(C41,Services!$B$2:$C$118,2,0) -> 263C4D7D-6AC7-4F4A-8B61-E6B3D72D9C5C | F41: =VLOOKUP(E41,Services!$B$2:$C$118,2,0) -> #N/A
A42: Academic Support | B42: =VLOOKUP(A42,Services!$B$2:$C$118,2,0) -> 5065a4c4-9e2d-465b-b8a2-e3f1d89bfcc7 | C42: Academic Tutoring | D42: =VLOOKUP(C42,Services!$B$2:$C$118,2,0) -> d20282ba-fbd3-4e72-81c0-3ec16309309c | E42: GCSE | F42: =VLOOKUP(E42,Services!$B$2:$C$118,2,0) -> 6aa0d3b8-6229-4945-809a-a704f39b1b22
A43: Academic Support | B43: =VLOOKUP(A43,Services!$B$2:$C$118,2,0) -> 5065a4c4-9e2d-465b-b8a2-e3f1d89bfcc7 | C43: Assignment Feedback | D43: =VLOOKUP(C43,Services!$B$2:$C$118,2,0) -> 90105083-583c-49b7-937e-22ce838591c0 | E43: GCSE | F43: =VLOOKUP(E43,Services!$B$2:$C$118,2,0) -> 6aa0d3b8-6229-4945-809a-a704f39b1b22
A44: Academic Support | B44: =VLOOKUP(A44,Services!$B$2:$C$118,2,0) -> 5065a4c4-9e2d-465b-b8a2-e3f1d89bfcc7 | C44: Academic Tutoring | D44: =VLOOKUP(C44,Services!$B$2:$C$118,2,0) -> d20282ba-fbd3-4e72-81c0-3ec16309309c | E44: A Level | F44: =VLOOKUP(E44,Services!$B$2:$C$118,2,0) -> 9a8d9777-ead3-4344-af27-d9a595f5de5c
A45: Academic Support | B45: =VLOOKUP(A45,Services!$B$2:$C$118,2,0) -> 5065a4c4-9e2d-465b-b8a2-e3f1d89bfcc7 | C45: Assignment Feedback | D45: =VLOOKUP(C45,Services!$B$2:$C$118,2,0) -> 90105083-583c-49b7-937e-22ce838591c0 | E45: A Level | F45: =VLOOKUP(E45,Services!$B$2:$C$118,2,0) -> 9a8d9777-ead3-4344-af27-d9a595f5de5c
A46: Academic Support | B46: =VLOOKUP(A46,Services!$B$2:$C$118,2,0) -> 5065a4c4-9e2d-465b-b8a2-e3f1d89bfcc7 | C46: Academic Tutoring | D46: =VLOOKUP(C46,Services!$B$2:$C$118,2,0) -> d20282ba-fbd3-4e72-81c0-3ec16309309c | E46: Undergrad, Masters, Doctorate | F46: =VLOOKUP(E46,Services!$B$2:$C$118,2,0) -> 359a60af-d41c-4aa2-8ce3-f1f3cee35c24
A47: Academic Support | B47: =VLOOKUP(A47,Services!$B$2:$C$118,2,0) -> 5065a4c4-9e2d-465b-b8a2-e3f1d89bfcc7 | C47: Assignment Feedback | D47: =VLOOKUP(C47,Services!$B$2:$C$118,2,0) -> 90105083-583c-49b7-937e-22ce838591c0 | E47: Undergrad, Masters, Doctorate | F47: =VLOOKUP(E47,Services!$B$2:$C$118,2,0) -> 359a60af-d41c-4aa2-8ce3-f1f3cee35c24
A48: Academic Support | B48: =VLOOKUP(A48,Services!$B$2:$C$118,2,0) -> 5065a4c4-9e2d-465b-b8a2-e3f1d89bfcc7 | C48: Proofreading & Copy Editing | D48: =VLOOKUP(C48,Services!$B$2:$C$118,2,0) -> b0cd2298-822a-4515-9b61-4b4ee763bd98 | E48: Undergrad, Masters, Doctorate | F48: =VLOOKUP(E48,Services!$B$2:$C$118,2,0) -> 359a60af-d41c-4aa2-8ce3-f1f3cee35c24
A49: Academic Support | B49: =VLOOKUP(A49,Services!$B$2:$C$118,2,0) -> 5065a4c4-9e2d-465b-b8a2-e3f1d89bfcc7 | C49: Research Solutions | D49: =VLOOKUP(C49,Services!$B$2:$C$118,2,0) -> 263C4D7D-6AC7-4F4A-8B61-E6B3D72D9C5C | E49: Undergrad, Masters, Doctorate | F49: =VLOOKUP(E49,Services!$B$2:$C$118,2,0) -> 359a60af-d41c-4aa2-8ce3-f1f3cee35c24
A50: Study Skills | B50: =VLOOKUP(A50,Services!$B$2:$C$118,2,0) -> 2261bfdb-0998-4644-aeae-6af562d3373d | C50: Academic Writing | D50: =VLOOKUP(C50,Services!$B$2:$C$118,2,0) -> 9d268b81-efca-4334-b2b8-56abb0023b34 | F50: =VLOOKUP(E50,Services!$B$2:$C$118,2,0) -> #N/A
A51: Study Skills | B51: =VLOOKUP(A51,Services!$B$2:$C$118,2,0) -> 2261bfdb-0998-4644-aeae-6af562d3373d | C51: Presentation Skills | D51: =VLOOKUP(C51,Services!$B$2:$C$118,2,0) -> 1bbc5625-9f81-4254-a9c4-94555c51f5da | F51: =VLOOKUP(E51,Services!$B$2:$C$118,2,0) -> #N/A
A52: Study Skills | B52: =VLOOKUP(A52,Services!$B$2:$C$118,2,0) -> 2261bfdb-0998-4644-aeae-6af562d3373d | C52: Research Skills | D52: =VLOOKUP(C52,Services!$B$2:$C$118,2,0) -> 4cb54c77-66a7-43e9-98ae-3c44da59b04b | F52: =VLOOKUP(E52,Services!$B$2:$C$118,2,0) -> #N/A
A53: Study Skills | B53: =VLOOKUP(A53,Services!$B$2:$C$118,2,0) -> 2261bfdb-0998-4644-aeae-6af562d3373d | C53: Project Management | D53: =VLOOKUP(C53,Services!$B$2:$C$118,2,0) -> 0748d482-e4d0-456d-b9cf-39113e54c370 | F53: =VLOOKUP(E53,Services!$B$2:$C$118,2,0) -> #N/A
A54: Study Skills | B54: =VLOOKUP(A54,Services!$B$2:$C$118,2,0) -> 2261bfdb-0998-4644-aeae-6af562d3373d | C54: Time Management | D54: =VLOOKUP(C54,Services!$B$2:$C$118,2,0) -> 292ad230-9af7-4eb9-b85a-f27158898ff0 | F54: =VLOOKUP(E54,Services!$B$2:$C$118,2,0) -> #N/A
A55: Study Skills | B55: =VLOOKUP(A55,Services!$B$2:$C$118,2,0) -> 2261bfdb-0998-4644-aeae-6af562d3373d | C55: Referencing | D55: =VLOOKUP(C55,Services!$B$2:$C$118,2,0) -> 0e517fc6-d25d-4486-85db-c7f5506f4f50 | F55: =VLOOKUP(E55,Services!$B$2:$C$118,2,0) -> #N/A
A56: Study Skills | B56: =VLOOKUP(A56,Services!$B$2:$C$118,2,0) -> 2261bfdb-0998-4644-aeae-6af562d3373d | C56: Academic Writing | D56: =VLOOKUP(C56,Services!$B$2:$C$118,2,0) -> 9d268b81-efca-4334-b2b8-56abb0023b34 | E56: GCSE | F56: =VLOOKUP(E56,Services!$B$2:$C$118,2,0) -> 6aa0d3b8-6229-4945-809a-a704f39b1b22
A57: Study Skills | B57: =VLOOKUP(A57,Services!$B$2:$C$118,2,0) -> 2261bfdb-0998-4644-aeae-6af562d3373d | C57: Presentation Skills | D57: =VLOOKUP(C57,Services!$B$2:$C$118,2,0) -> 1bbc5625-9f81-4254-a9c4-94555c51f5da | E57: GCSE | F57: =VLOOKUP(E57,Services!$B$2:$C$118,2,0) -> 6aa0d3b8-6229-4945-809a-a704f39b1b22
A58: Study Skills | B58: =VLOOKUP(A58,Services!$B$2:$C$118,2,0) -> 2261bfdb-0998-4644-aeae-6af562d3373d | C58: Academic Writing | D58: =VLOOKUP(C58,Services!$B$2:$C$118,2,0) -> 9d268b81-efca-4334-b2b8-56abb0023b34 | E58: A Level | F58: =VLOOKUP(E58,Services!$B$2:$C$118,2,0) -> 9a8d9777-ead3-4344-af27-d9a595f5de5c
A59: Study Skills | B59: =VLOOKUP(A59,Services!$B$2:$C$118,2,0) -> 2261bfdb-0998-4644-aeae-6af562d3373d | C59: Presentation Skills | D59: =VLOOKUP(C59,Services!$B$2:$C$118,2,0) -> 1bbc5625-9f81-4254-a9c4-94555c51f5da | E59: A Level | F59: =VLOOKUP(E59,Services!$B$2:$C$118,2,0) -> 9a8d9777-ead3-4344-af27-d9a595f5de5c
A60: Study Skills | B60: =VLOOKUP(A60,Services!$B$2:$C$118,2,0) -> 2261bfdb-0998-4644-aeae-6af562d3373d | C60: Research Skills | D60: =VLOOKUP(C60,Services!$B$2:$C$118,2,0) -> 4cb54c77-66a7-43e9-98ae-3c44da59b04b | E60: A Level | F60: =VLOOKUP(E60,Services!$B$2:$C$118,2,0) -> 9a8d9777-ead3-4344-af27-d9a595f5de5c
A61: Study Skills | B61: =VLOOKUP(A61,Services!$B$2:$C$118,2,0) -> 2261bfdb-0998-4644-aeae-6af562d3373d | C61: Project Management | D61: =VLOOKUP(C61,Services!$B$2:$C$118,2,0) -> 0748d482-e4d0-456d-b9cf-39113e54c370 | E61: A Level | F61: =VLOOKUP(E61,Services!$B$2:$C$118,2,0) -> 9a8d9777-ead3-4344-af27-d9a595f5de5c
A62: Study Skills | B62: =VLOOKUP(A62,Services!$B$2:$C$118,2,0) -> 2261bfdb-0998-4644-aeae-6af562d3373d | C62: Time Management | D62: =VLOOKUP(C62,Services!$B$2:$C$118,2,0) -> 292ad230-9af7-4eb9-b85a-f27158898ff0 | E62: A Level | F62: =VLOOKUP(E62,Services!$B$2:$C$118,2,0) -> 9a8d9777-ead3-4344-af27-d9a595f5de5c
A63: Study Skills | B63: =VLOOKUP(A63,Services!$B$2:$C$118,2,0) -> 2261bfdb-0998-4644-aeae-6af562d3373d | C63: Referencing | D63: =VLOOKUP(C63,Services!$B$2:$C$118,2,0) -> 0e517fc6-d25d-4486-85db-c7f5506f4f50 | E63: A Level | F63: =VLOOKUP(E63,Services!$B$2:$C$118,2,0) -> 9a8d9777-ead3-4344-af27-d9a595f5de5c
A64: Study Skills | B64: =VLOOKUP(A64,Services!$B$2:$C$118,2,0) -> 2261bfdb-0998-4644-aeae-6af562d3373d | C64: Academic Writing | D64: =VLOOKUP(C64,Services!$B$2:$C$118,2,0) -> 9d268b81-efca-4334-b2b8-56abb0023b34 | E64: Undergrad, Masters, Doctorate | F64: =VLOOKUP(E64,Services!$B$2:$C$118,2,0) -> 359a60af-d41c-4aa2-8ce3-f1f3cee35c24
A65: Study Skills | B65: =VLOOKUP(A65,Services!$B$2:$C$118,2,0) -> 2261bfdb-0998-4644-aeae-6af562d3373d | C65: Presentation Skills | D65: =VLOOKUP(C65,Services!$B$2:$C$118,2,0) -> 1bbc5625-9f81-4254-a9c4-94555c51f5da | E65: Undergrad, Masters, Doctorate | F65: =VLOOKUP(E65,Services!$B$2:$C$118,2,0) -> 359a60af-d41c-4aa2-8ce3-f1f3cee35c24
A66: Study Skills | B66: =VLOOKUP(A66,Services!$B$2:$C$118,2,0) -> 2261bfdb-0998-4644-aeae-6af562d3373d | C66: Research Skills | D66: =VLOOKUP(C66,Services!$B$2:$C$118,2,0) -> 4cb54c77-66a7-43e9-98ae-3c44da59b04b | E66: Undergrad, Masters, Doctorate | F66: =VLOOKUP(E66,Services!$B$2:$C$118,2,0) -> 359a60af-d41c-4aa2-8ce3-f1f3cee35c24
A67: Study Skills | B67: =VLOOKUP(A67,Services!$B$2:$C$118,2,0) -> 2261bfdb-0998-4644-aeae-6af562d3373d | C67: Project Management | D67: =VLOOKUP(C67,Services!$B$2:$C$118,2,0) -> 0748d482-e4d0-456d-b9cf-39113e54c370 | E67: Undergrad, Masters, Doctorate | F67: =VLOOKUP(E67,Services!$B$2:$C$118,2,0) -> 359a60af-d41c-4aa2-8ce3-f1f3cee35c24
... A69: Study Skills | B69: =VLOOKUP(A69,Services!$B$2:$C$118,2,0) -> 2261bfdb-0998-4644-aeae-6af562d3373d | C69: Referencing | D69: =VLOOKUP(C69,Services!$B$2:$C$118,2,0) -> 0e517fc6-d25d-4486-85db-c7f5506f4f50 | E69: Undergrad, Masters, Doctorate | F69: =VLOOKUP(E69,Services!$B$2:$C$118,2,0) -> 359a60af-d41c-4aa2-8ce3-f1f3cee35c24
A70: Career Consultancy | B70: =VLOOKUP(A70,Services!$B$2:$C$118,2,0) -> 24f25767-bc02-46e1-8587-325dd8c3f6a4 | C70: Internship & Placement Consultancy | D70: =VLOOKUP(C70,Services!$B$2:$C$118,2,0) -> 01c25cda-7012-49e1-aa08-b839536b1d03 | F70: =VLOOKUP(E70,Services!$B$2:$C$118,2,0) -> #N/A
A71: Career Consultancy | B71: =VLOOKUP(A71,Services!$B$2:$C$118,2,0) -> 24f25767-bc02-46e1-8587-325dd8c3f6a4 | C71: Employment Consultancy | D71: =VLOOKUP(C71,Services!$B$2:$C$118,2,0) -> 7bf0c4ab-026d-4085-a28d-a82e237b3926 | F71: =VLOOKUP(E71,Services!$B$2:$C$118,2,0) -> #N/A
A72: Career Consultancy | B72: =VLOOKUP(A72,Services!$B$2:$C$118,2,0) -> 24f25767-bc02-46e1-8587-325dd8c3f6a4 | C72: Self Employment Consultancy | D72: =VLOOKUP(C72,Services!$B$2:$C$118,2,0) -> d7fc76c7-7fb5-41d4-a3fe-0d992fde895c | F72: =VLOOKUP(E72,Services!$B$2:$C$118,2,0) -> #N/A
A73: Language Tutoring | B73: =VLOOKUP(A73,Services!$B$2:$C$118,2,0) -> 3ed54d43-46fa-43ce-8994-d10fff8604a6 | C73: General English Language Coaching | D73: =VLOOKUP(C73,Services!$B$2:$C$118,2,0) -> 5d3a658f-fcb8-4651-aa05-d27e10364159 | F73: =VLOOKUP(E73,Services!$B$2:$C$118,2,0) -> #N/A
A74: Language Tutoring | B74: =VLOOKUP(A74,Services!$B$2:$C$118,2,0) -> 3ed54d43-46fa-43ce-8994-d10fff8604a6 | C74: Academic English Test Coaching | D74: =VLOOKUP(C74,Services!$B$2:$C$118,2,0) -> aff4984a-911b-42c2-9543-d6ca31205ea1 | F74: =VLOOKUP(E74,Services!$B$2:$C$118,2,0) -> #N/A
A75: Language Tutoring | B75: =VLOOKUP(A75,Services!$B$2:$C$118,2,0) -> 3ed54d43-46fa-43ce-8994-d10fff8604a6 | C75: Pre-sessional English Course Coaching | D75: =VLOOKUP(C75,Services!$B$2:$C$118,2,0) -> 4df3491a-539d-4f59-be81-27b9386621bf | F75: =VLOOKUP(E75,Services!$B$2:$C$118,2,0) -> #N/A
A76: Language Tutoring | B76: =VLOOKUP(A76,Services!$B$2:$C$118,2,0) -> 3ed54d43-46fa-43ce-8994-d10fff8604a6 | C76: General Spanish Language Coaching | D76: =VLOOKUP(C76,Services!$B$2:$C$118,2,0) -> bdc3c6f6-f9cb-491a-ad94-9f0bec8008bb | F76: =VLOOKUP(E76,Services!$B$2:$C$118,2,0) -> #N/A
A77: Language Tutoring | B77: =VLOOKUP(A77,Services!$B$2:$C$118,2,0) -> 3ed54d43-46fa-43ce-8994-d10fff8604a6 | C77: General French Language Coaching | D77: =VLOOKUP(C77,Services!$B$2:$C$118,2,0) -> f4665639-2b55-4235-a7e1-44e793487f67 | F77: =VLOOKUP(E77,Services!$B$2:$C$118,2,0) -> #N/A
A78: Language Tutoring | B78: =VLOOKUP(A78,Services!$B$2:$C$118,2,0) -> 3ed54d43-46fa-43ce-8994-d10fff8604a6 | C78: General Mandarin Language Coaching | D78: =VLOOKUP(C78,Services!$B$2:$C$118,2,0) -> cb5d0f43-4d27-479b-acf8-eb3d81487b74 | F78: =VLOOKUP(E78,Services!$B$2:$C$118,2,0) -> #N/A
A79: Language Tutoring | B79: =VLOOKUP(A79,Services!$B$2:$C$118,2,0) -> 3ed54d43-46fa-43ce-8994-d10fff8604a6 | C79: General Russian Language Coaching | D79: =VLOOKUP(C79,Services!$B$2:$C$118,2,0) -> 53e59a9a-d9e4-47c8-b77c-330d3cd4393e | F79: =VLOOKUP(E79,Services!$B$2:$C$118,2,0) -> #N/A
A80: Language Tutoring | B80: =VLOOKUP(A80,Services!$B$2:$C$118,2,0) -> 3ed54d43-46fa-43ce-8994-d10fff8604a6 | C80: General German Language Coaching | D80: =VLOOKUP(C80,Services!$B$2:$C$118,2,0) -> 1b825955-6d65-4efd-8da6-bc21b613d719 | F80: =VLOOKUP(E80,Services!$B$2:$C$118,2,0) -> #N/A
A81: Language Tutoring | B81: =VLOOKUP(A81,Services!$B$2:$C$118,2,0) -> 3ed54d43-46fa-43ce-8994-d10fff8604a6 | C81: General English Language Coaching | D81: =VLOOKUP(C81,Services!$B$2:$C$118,2,0) -> 5d3a658f-fcb8-4651-aa05-d27e10364159 | E81: English Language Coaching | F81: =VLOOKUP(E81,Services!$B$2:$C$118,2,0) -> 170485a2-6729-4b34-9375-43d0a756971f
A82: Language Tutoring | B82: =VLOOKUP(A82,Services!$B$2:$C$118,2,0) -> 3ed54d43-46fa-43ce-8994-d10fff8604a6 | C82: Academic English Test Coaching | D82: =VLOOKUP(C82,Services!$B$2:$C$118,2,0) -> aff4984a-911b-42c2-9543-d6ca31205ea1 | E82: English Language Coaching | F82: =VLOOKUP(E82,Services!$B$2:$C$118,2,0) -> 170485a2-6729-4b34-9375-43d0a756971f
A83: Language Tutoring | B83: =VLOOKUP(A83,Services!$B$2:$C$118,2,0) -> 3ed54d43-46fa-43ce-8994-d10fff8604a6 | C83: Pre-sessional English Course Coaching | D83: =VLOOKUP(C83,Services!$B$2:$C$118,2,0) -> 4df3491a-539d-4f59-be81-27b9386621bf | E83: English Language Coaching | F83: =VLOOKUP(E83,Services!$B$2:$C$118,2,0) -> 170485a2-6729-4b34-9375-43d0a756971f
A84: Language Tutoring | B84: =VLOOKUP(A84,Services!$B$2:$C$118,2,0) -> 3ed54d43-46fa-43ce-8994-d10fff8604a6 | C84: General Spanish Language Coaching | D84: =VLOOKUP(C84,Services!$B$2:$C$118,2,0) -> bdc3c6f6-f9cb-491a-ad94-9f0bec8008bb | E84: Spanish Language Coaching | F84: =VLOOKUP(E84,Services!$B$2:$C$118,2,0) -> 8bcc7130-3555-40fe-8188-a26ecfadfed4
A85: Language Tutoring | B85: =VLOOKUP(A85,Services!$B$2:$C$118,2,0) -> 3ed54d43-46fa-43ce-8994-d10fff8604a6 | C85: General French Language Coaching | D85: =VLOOKUP(C85,Services!$B$2:$C$118,2,0) -> f4665639-2b55-4235-a7e1-44e793487f67 | E85: French Language Coaching | F85: =VLOOKUP(E85,Services!$B$2:$C$118,2,0) -> 80fba6f4-7b52-4b9d-ae4e-348ae00c0337
A86: Language Tutoring | B86: =VLOOKUP(A86,Services!$B$2:$C$118,2,0) -> 3ed54d43-46fa-43ce-8994-d10fff8604a6 | C86: General Mandarin Language Coaching | D86: =VLOOKUP(C86,Services!$B$2:$C$118,2,0) -> cb5d0f43-4d27-479b-acf8-eb3d81487b74 | E86: Mandarin Language Coaching | F86: =VLOOKUP(E86,Services!$B$2:$C$118,2,0) -> 3d8df3cb-c105-4d1c-bbe5-75361d563fbb
A87: Language Tutoring | B87: =VLOOKUP(A87,Services!$B$2:$C$118,2,0) -> 3ed54d43-46fa-43ce-8994-d10fff8604a6 | C87: General Russian Language Coaching | D87: =VLOOKUP(C87,Services!$B$2:$C$118,2,0) -> 53e59a9a-d9e4-47c8-b77c-330d3cd4393e | E87: Russian Language Coaching | F87: =VLOOKUP(E87,Services!$B$2:$C$118,2,0) -> 9fd7803d-4bae-438a-a5e7-4541217e70f9
A88: Language Tutoring | B88: =VLOOKUP(A88,Services!$B$2:$C$118,2,0) -> 3ed54d43-46fa-43ce-8994-d10fff8604a6 | C88: General German Language Coaching | D88: =VLOOKUP(C88,Services!$B$2:$C$118,2,0) -> 1b825955-6d65-4efd-8da6-bc21b613d719 | E88: German Language Coaching | F88: =VLOOKUP(E88,Services!$B$2:$C$118,2,0) -> 1dfd201d-0a4a-4e5b-b1ff-adf885e61526
A89: Visa Application Consultancy | B89: =VLOOKUP(A89,Services!$B$2:$C$118,2,0) -> 8327fd9d-47be-4b79-817c-8364e60cc2b7 | C89: Student Route | D89: =VLOOKUP(C89,Services!$B$2:$C$118,2,0) -> c8e08cf7-3821-475b-90c5-c56f70f5ba3d | F89: =VLOOKUP(E89,Services!$B$2:$C$118,2,0) -> #N/A
A90: Visa Application Consultancy | B90: =VLOOKUP(A90,Services!$B$2:$C$118,2,0) -> 8327fd9d-47be-4b79-817c-8364e60cc2b7 | C90: Short-term Study/Student Visitor Visa | D90: =VLOOKUP(C90,Services!$B$2:$C$118,2,0) -> f975a1fe-2a0c-497d-a96d-33273428ff3b | F90: =VLOOKUP(E90,Services!$B$2:$C$118,2,0) -> #N/A
A91: Visa Application Consultancy | B91: =VLOOKUP(A91,Services!$B$2:$C$118,2,0) -> 8327fd9d-47be-4b79-817c-8364e60cc2b7 | C91: Work Visa | D91: =VLOOKUP(C91,Services!$B$2:$C$118,2,0) -> 445c0526-e355-433a-96c7-90833a34e514 | F91: =VLOOKUP(E91,Services!$B$2:$C$118,2,0) -> #N/A
A92: Visa Application Consultancy | B92: =VLOOKUP(A92,Services!$B$2:$C$118,2,0) -> 8327fd9d-47be-4b79-817c-8364e60cc2b7 | C92: Start-up Visa | D92: =VLOOKUP(C92,Services!$B$2:$C$118,2,0) -> c9bee77e-6e57-4e14-b22a-3fba9fbc15a6 | F92: =VLOOKUP(E92,Services!$B$2:$C$118,2,0) -> #N/A
A93: Visa Application Consultancy | B93: =VLOOKUP(A93,Services!$B$2:$C$118,2,0) -> 8327fd9d-47be-4b79-817c-8364e60cc2b7 | C93: Innovator Visa | D93: =VLOOKUP(C93,Services!$B$2:$C$118,2,0) -> ec7a72ff-cc70-451b-9e9e-feaec480d463 | F93: =VLOOKUP(E93,Services!$B$2:$C$118,2,0) -> #N/A
A94: Visa Application Consultancy | B94: =VLOOKUP(A94,Services!$B$2:$C$118,2,0) -> 8327fd9d-47be-4b79-817c-8364e60cc2b7 | C94: Post Study Work (PSW) | D94: =VLOOKUP(C94,Services!$B$2:$C$118,2,0) -> 74be4041-91de-494d-8188-a046e2e30ede | F94: =VLOOKUP(E94,Services!$B$2:$C$118,2,0) -> #N/A
A95: Visa Application Consultancy | B95: =VLOOKUP(A95,Services!$B$2:$C$118,2,0) -> 8327fd9d-47be-4b79-817c-8364e60cc2b7 | C95: Family Visa | D95: =VLOOKUP(C95,Services!$B$2:$C$118,2,0) -> 9f811946-f3c2-4564-b044-93e0ec754ecb | F95: =VLOOKUP(E95,Services!$B$2:$C$118,2,0) -> #N/A
A96: Visa Application Consultancy | B96: =VLOOKUP(A96,Services!$B$2:$C$118,2,0) -> 8327fd9d-47be-4b79-817c-8364e60cc2b7 | C96: UK Spouse & Marriage Visa | D96: =VLOOKUP(C96,Services!$B$2:$C$118,2,0) -> 587fc44b-ea9e-4e34-9be2-b35d4fb2da61 | F96: =VLOOKUP(E96,Services!$B$2:$C$118,2,0) -> #N/A
A97: Visa Application Consultancy | B97: =VLOOKUP(A97,Services!$B$2:$C$118,2,0) -> 8327fd9d-47be-4b79-817c-8364e60cc2b7 | C97: Settlement Visa | D97: =VLOOKUP(C97,Services!$B$2:$C$118,2,0) -> 534256a9-3aed-43f9-8770-747385736da9 | F97: =VLOOKUP(E97,Services!$B$2:$C$118,2,0) -> #N/A
A98: Visa Application Consultancy | B98: =VLOOKUP(A98,Services!$B$2:$C$118,2,0) -> 8327fd9d-47be-4b79-817c-8364e60cc2b7 | C98: Student Route | D98: =VLOOKUP(C98,Services!$B$2:$C$118,2,0) -> c8e08cf7-3821-475b-90c5-c56f70f5ba3d | E98: UK | F98: =VLOOKUP(E98,Services!$B$2:$C$118,2,0) -> b5e29580-52a6-401f-aa3f-11a11cd9ae64
A99: Visa Application Consultancy | B99: =VLOOKUP(A99,Services!$B$2:$C$118,2,0) -> 8327fd9d-47be-4b79-817c-8364e60cc2b7 | C99: Short-term Study/Student Visitor Visa | D99: =VLOOKUP(C99,Services!$B$2:$C$118,2,0) -> f975a1fe-2a0c-497d-a96d-33273428ff3b | E99: UK | F99: =VLOOKUP(E99,Services!$B$2:$C$118,2,0) -> b5e29580-52a6-401f-aa3f-11a11cd9ae64
A100: Visa Application Consultancy | B100: =VLOOKUP(A100,Services!$B$2:$C$118,2,0) -> 8327fd9d-47be-4b79-817c-8364e60cc2b7 | C100: Work Visa | D100: =VLOOKUP(C100,Services!$B$2:$C$118,2,0) -> 445c0526-e355-433a-96c7-90833a34e514 | E100: UK | F100: =VLOOKUP(E100,Services!$B$2:$C$118,2,0) -> b5e29580-52a6-401f-aa3f-11a11cd9ae64
A101: Visa Application Consultancy | B101: =VLOOKUP(A101,Services!$B$2:$C$118,2,0) -> 8327fd9d-47be-4b79-817c-8364e60cc2b7 | C101: Start-up Visa | D101: =VLOOKUP(C101,Services!$B$2:$C$118,2,0) -> c9bee77e-6e57-4e14-b22a-3fba9fbc15a6 | E101: UK | F101: =VLOOKUP(E101,Services!$B$2:$C$118,2,0) -> b5e29580-52a6-401f-aa3f-11a11cd9ae64
A102: Visa Application Consultancy | B102: =VLOOKUP(A102,Services!$B$2:$C$118,2,0) -> 8327fd9d-47be-4b79-817c-8364e60cc2b7 | C102: Innovator Visa | D102: =VLOOKUP(C102,Services!$B$2:$C$118,2,0) -> ec7a72ff-cc70-451b-9e9e-feaec480d463 | E102: UK | F102: =VLOOKUP(E102,Services!$B$2:$C$118,2,0) -> b5e29580-52a6-401f-aa3f-11a11cd9ae64
A103: Visa Application Consultancy | B103: =VLOOKUP(A103,Services!$B$2:$C$118,2,0) -> 8327fd9d-47be-4b79-817c-8364e60cc2b7 | C103: Post Study Work (PSW) | D103: =VLOOKUP(C103,Services!$B$2:$C$118,2,0) -> 74be4041-91de-494d-8188-a046e2e30ede | E103: UK | F103: =VLOOKUP(E103,Services!$B$2:$C$118,2,0) -> b5e29580-52a6-401f-aa3f-11a11cd9ae64
A104: Visa Application Consultancy | B104: =VLOOKUP(A104,Services!$B$2:$C$118,2,0) -> 8327fd9d-47be-4b79-817c-8364e60cc2b7 | C104: Family Visa | D104: =VLOOKUP(C104,Services!$B$2:$C$118,2,0) -> 9f811946-f3c2-4564-b044-93e0ec754ecb | E104: UK | F104: =VLOOKUP(E104,Services!$B$2:$C$118,2,0) -> b5e29580-52a6-401f-aa3f-11a11cd9ae64
A105: Visa Application Consultancy | B105: =VLOOKUP(A105,Services!$B$2:$C$118,2,0) -> 8327fd9d-47be-4b79-817c-8364e60cc2b7 | C105: UK Spouse & Marriage Visa | D105: =VLOOKUP(C105,Services!$B$2:$C$118,2,0) -> 587fc44b-ea9e-4e34-9be2-b35d4fb2da61 | E105: UK | F105: =VLOOKUP(E105,Services!$B$2:$C$118,2,0) -> b5e29580-52a6-401f-aa3f-11a11cd9ae64
A106: Visa Application Consultancy | B106: =VLOOKUP(A106,Services!$B$2:$C$118,2,0) -> 8327fd9d-47be-4b79-817c-8364e60cc2b7 | C106: Settlement Visa | D106: =VLOOKUP(C106,Services!$B$2:$C$118,2,0) -> 534256a9-3aed-43f9-8770-747385736da9 | E106: UK | F106: =VLOOKUP(E106,Services!$B$2:$C$118,2,0) -> b5e29580-52a6-401f-aa3f-11a11cd9ae64
A107: Academic English Coaching | B107: =VLOOKUP(A107,Services!$B$2:$C$118,2,0) -> 709a78df-a2b0-43c1-b7f3-3a354cfe8e7f | C107: IELTS | D107: =VLOOKUP(C107,Services!$B$2:$C$118,2,0) -> 21ee1d45-03b3-413a-81e9-58169ee27810 | F107: =VLOOKUP(E107,Services!$B$2:$C$118,2,0) -> #N/A
A108: Academic English Coaching | B108: =VLOOKUP(A108,Services!$B$2:$C$118,2,0) -> 709a78df-a2b0-43c1-b7f3-3a354cfe8e7f | C108: TOFEL iBT | D108: =VLOOKUP(C108,Services!$B$2:$C$118,2,0) -> ffed73d4-8915-48c9-abd1-b0c582e9003d | F108: =VLOOKUP(E108,Services!$B$2:$C$118,2,0) -> #N/A
A109: Academic English Coaching | B109: =VLOOKUP(A109,Services!$B$2:$C$118,2,0) -> 709a78df-a2b0-43c1-b7f3-3a354cfe8e7f | C109: TOFEL PBT | D109: =VLOOKUP(C109,Services!$B$2:$C$118,2,0) -> b54ad3bd-1684-4e35-9ad8-97e93af2e346 | F109: =VLOOKUP(E109,Services!$B$2:$C$118,2,0) -> #N/A
...

Sheet Services
A1: Id | B1: Name | C1: Id
A2: 6c5e7af8-dd22-46d6-87b1-4436f2e4ab2f | B2: School Admissions | C2: 6c5e7af8-dd22-46d6-87b1-4436f2e4ab2f
A3: b4d0ce54-6fdc-4f8f-9265-7b56896bc2b1 | B3: University Admissions | C3: b4d0ce54-6fdc-4f8f-9265-7b56896bc2b1
A4: 5065a4c4-9e2d-465b-b8a2-e3f1d89bfcc7 | B4: Academic Support | C4: 5065a4c4-9e2d-465b-b8a2-e3f1d89bfcc7
A5: 2261bfdb-0998-4644-aeae-6af562d3373d | B5: Study Skills | C5: 2261bfdb-0998-4644-aeae-6af562d3373d
A6: 24f25767-bc02-46e1-8587-325dd8c3f6a4 | B6: Career Consultancy | C6: 24f25767-bc02-46e1-8587-325dd8c3f6a4
A7: 3ed54d43-46fa-43ce-8994-d10fff8604a6 | B7: Language Tutoring | C7: 3ed54d43-46fa-43ce-8994-d10fff8604a6
A8: fac851ab-bb32-4161-adce-38062ddd3c59 | B8: Interpretering | C8: fac851ab-bb32-4161-adce-38062ddd3c59
A9: bf893a87-f835-4c4e-802c-3488343962dd | B9: Guardianship | C9: bf893a87-f835-4c4e-802c-3488343962dd
A10: 8327fd9d-47be-4b79-817c-8364e60cc2b7 | B10: Visa Application Consultancy | C10: 8327fd9d-47be-4b79-817c-8364e60cc2b7
A11: 709a78df-a2b0-43c1-b7f3-3a354cfe8e7f | B11: Academic English Coaching | C11: 709a78df-a2b0-43c1-b7f3-3a354cfe8e7f
A12: 76410084-1858-475b-a96c-87b4602daebc | B12: English Language Test for Professionals Coaching | C12: 76410084-1858-475b-a96c-87b4602daebc
... A91: 263C4D7D-6AC7-4F4A-8B61-E6B3D72D9C5C | B91: Research Solutions | C91: 263C4D7D-6AC7-4F4A-8B61-E6B3D72D9C5C
